title,description
"40. Als bakker wil ik nieuwe producten aanmaken met namen, recepten en ingrediënten.",
"41. Als bakker wil ik het recept van een product afronden, waardoor het te koop is.",
"42. Als bakker wil ik een productrecept wijzigen, inclusief het toevoegen, verwijderen of wijzigen van ingrediënten.",
43. Als bakker wil ik op drukke dagen de mogelijkheid hebben om het bakproces voor de reeds binnengekomen orders te starten.,
44. Als bakker wil ik dat het bakproces automatisch start om 22:00.,
45. Als bakker wil ik evenementen naar de Warehouse sturen om ingrediëntbestellingen te starten.,
46. Als bakker wil ik een lijst van alle huidige producten bekijken.,
"47. Als bakker wil ik een product deactiveren, waarna het niet meer gebakken of besteld kan worden.",
"48. Als systeem wil ik gefinaliseerde producten, met hun details, uitsturen naar andere partijen.",
49. Als systeem wil leveringen van het magazijn bevestigen.,
50. Bereid de codebase voor op toekomstige verbeteringen.,
"51. Implementeer configuratie voor infrastructuurverbindingen, databases en wachtrijen.",
52. Implementeer loggen voor diagnostische en foutdoeleinden in de applicatie.,